Text/wedfEIa2FWTD,100,Thu Oct  4 15:01:36 2018
Text/yGr3IjUzvDmD,100,Thu Oct  4 15:01:36 2018
Text/Mxx46ldaVve8,2509,Thu Oct  4 15:01:36 2018
Text/qftrcev0pQpc,100,Thu Oct  4 15:01:36 2018
Text/h3EYEuBrwIxr,100,Thu Oct  4 15:01:36 2018
Text/5AXmcM0OIzVK,100,Thu Oct  4 15:01:36 2018
Text/RCgquHPX9IiM,100,Thu Oct  4 15:01:36 2018
Text/4hGWBi99i7C3,100,Thu Oct  4 15:01:36 2018
Text/rb4stF1IevBv,100,Thu Oct  4 15:01:36 2018
Text/13Le39jutHBO,100,Thu Oct  4 15:01:36 2018
Text/G48pmyuLpVIL,100,Thu Oct  4 15:01:36 2018
Text/UqaeIBhMDRM0,100,Thu Oct  4 15:01:36 2018
Text/Iz5qiGL4liY7,100,Thu Oct  4 15:01:36 2018
Text/6Njiv6bqu9Zq,100,Thu Oct  4 15:01:36 2018
Text/Ba7fgnQuLT7f,100,Thu Oct  4 15:01:36 2018
Text/EbfMStPHeRTE,100,Thu Oct  4 15:01:36 2018
Text/eOxQsGRheanK,1521,Thu Oct  4 15:01:36 2018
Text/n5iWhrOD2H4Q,100,Thu Oct  4 15:01:36 2018
Text/Hwrg0fkELdCW,100,Thu Oct  4 15:01:36 2018
Text/ILnbrIdmeW29,100,Thu Oct  4 15:01:36 2018
Text/cjtUFfkpcl5d,100,Thu Oct  4 15:01:36 2018
Text/LrJsHEXKUSGy,100,Thu Oct  4 15:01:36 2018
Text/m417Li5ER9Sh,100,Thu Oct  4 15:01:36 2018
Text/D2XGIK4EerO5,100,Thu Oct  4 15:01:36 2018
Text/SbJEvfbhrgdu,100,Thu Oct  4 15:01:36 2018
Text/uFB64JPURYH5,100,Thu Oct  4 15:01:36 2018
Text/S4MuEkCxBWpr,100,Thu Oct  4 15:01:36 2018
Text/wykteHGdrMEs,100,Thu Oct  4 15:01:36 2018
Text/k4i6kjrUdPDx,100,Thu Oct  4 15:01:36 2018
Text/uXy8goWiI9hG,100,Thu Oct  4 15:01:36 2018
Text/2fXDSfF1FdTU,100,Thu Oct  4 15:01:36 2018
Text/A3FySHqKkVsp,100,Thu Oct  4 15:01:36 2018
Text/XpSznXLTzYkB,100,Thu Oct  4 15:01:36 2018
Text/LSerUVp6qFoH,100,Thu Oct  4 15:01:36 2018
Text/XbZgdrmBY0F3,100,Thu Oct  4 15:01:36 2018
Text/w7sdFWB502ht,100,Thu Oct  4 15:01:36 2018
Text/GkygAleMSTJJ,100,Thu Oct  4 15:01:36 2018
Text/wQ2sYQd1OMBu,6948,Thu Oct  4 15:01:36 2018
Text/k0XS2znPoDbV,100,Thu Oct  4 15:01:36 2018
Text/Z3GxuwzbMeeO,100,Thu Oct  4 15:01:36 2018
Text/DaI9Ay07h5Q1,100,Thu Oct  4 15:01:36 2018
Text/zm2fpGnc7Ys8,100,Thu Oct  4 15:01:36 2018
Text/ioP7IrbECY9V,100,Thu Oct  4 15:01:36 2018
Text/zrJ1cdXhuZOB,100,Thu Oct  4 15:01:36 2018
Text/qJNhdlHcueIF,100,Thu Oct  4 15:01:36 2018
Text/59Fhoti7Lcwt,100,Thu Oct  4 15:01:36 2018
Text/I4YoT1UnTrOA,100,Thu Oct  4 15:01:36 2018
Text/uwjFjnl39E5R,100,Thu Oct  4 15:01:36 2018
Text/8x7HiL5BiuM2,3101,Thu Oct  4 15:01:36 2018
Text/v5I9EE55vPwj,100,Thu Oct  4 15:01:36 2018
Text/VbSjK1OR4sDp,100,Thu Oct  4 15:01:36 2018
Text/ILVrBKctTbR9,100,Thu Oct  4 15:01:36 2018
Text/Whju0NtKWEzy,100,Thu Oct  4 15:01:36 2018
Text/EabcdcMxpNAC,100,Thu Oct  4 15:01:36 2018
Text/O4IaqVBDIeDU,100,Thu Oct  4 15:01:36 2018
Text/WnMoFR7WybHC,100,Thu Oct  4 15:01:36 2018
Text/ijCj5wIjoNRe,100,Thu Oct  4 15:01:36 2018
